,precision,recall,f1-score,support
0,0.4806201550387597,0.6595744680851063,0.5560538116591929,94.0
1,0.5135135135135135,0.6,0.5533980582524272,95.0
2,0.7052631578947368,0.7127659574468085,0.7089947089947088,94.0
3,0.49019607843137253,0.2631578947368421,0.3424657534246575,95.0
4,0.9186046511627907,0.8404255319148937,0.8777777777777779,94.0
accuracy,0.614406779661017,0.614406779661017,0.614406779661017,0.614406779661017
macro avg,0.6216395112082347,0.6151847704367301,0.6077380220217529,472.0
weighted avg,0.6211319488555406,0.614406779661017,0.6070608774616545,472.0
