,precision,recall,f1-score,support
0,0.0,0.0,0.0,94.0
1,0.0,0.0,0.0,95.0
2,0.0,0.0,0.0,94.0
3,0.20169851380042464,1.0,0.3356890459363958,95.0
4,0.0,0.0,0.0,94.0
accuracy,0.20127118644067796,0.20127118644067796,0.20127118644067796,0.20127118644067796
macro avg,0.04033970276008493,0.2,0.06713780918727916,472.0
weighted avg,0.040596099175932925,0.20127118644067796,0.06756453255075763,472.0
