,precision,recall,f1-score,support
0,0.7372881355932204,0.925531914893617,0.8207547169811321,94.0
1,0.8918918918918919,0.6947368421052632,0.7810650887573964,95.0
2,0.9333333333333333,0.8936170212765957,0.9130434782608695,94.0
3,0.89,0.9368421052631579,0.9128205128205129,95.0
4,0.9222222222222223,0.8829787234042553,0.9021739130434783,94.0
accuracy,0.8665254237288136,0.8665254237288136,0.8665254237288136,0.8665254237288136
macro avg,0.8749471166081335,0.8667413213885778,0.865971541972678,472.0
weighted avg,0.8750149082578702,0.8665254237288136,0.8658909117134247,472.0
